Recipe_ID,Recipe_Name,Description,Category,Flavor_Profile,Difficulty_Level,Prep_Time_Minutes,Cook_Time_Minutes,Total_Time_Minutes,Servings,Image_URL,Video_URL,Source,Date_Created,Date_Updated,Tips_Tricks,Storage_Instructions,Customer_Feedback_Score,Market_Trend_Relevance,Ingredients_Flattened,Instructions_Flattened
japanese_fruit_roll_cake_001,Bánh bông lan cuộn kem tươi hoa quả (Japanese Fruit Roll Cake),"Bánh bông lan cuộn kiểu Nhật mềm, mịn, xốp với nhân kem tươi hoa quả.",Hiện đại,Trái cây,Trung bình,20.0,30.0,90.0,6-8,http://www.savourydays.com/wp-content/uploads/2015/10/banh-bong-lan-cuon-kem-tuoi-hoa-qua-japanese-fruit-roll-cake-1.jpg,https://www.youtube.com/watch?v=UIb3VUH6RGE,Savoury Days,2015-10-21,,"Lòng trắng, âu đựng và que đánh không được dính chất béo. Nếu lòng trắng đánh quá cứng, dùng phới lồng quấy nhẹ để hòa tan bớt. Nếu hỗn hợp bị lỏng, loãng, có nhiều bọt khí to thì bánh dễ bị dai và nở kém. Nhiệt độ nướng sẽ thay đổi tùy theo lò. Nên đặt bánh lên khăn sạch để nguội để thoát hơi nước. Đánh kem tươi ở tốc độ thấp nhất khi gần đặc để tránh tách nước. Cắt bỏ rìa bánh khô trước khi cuộn. Cuộn bánh dứt khoát để tránh nứt.",Bảo quản bánh trong ngăn mát tủ lạnh trong khoảng 2 – 3 ngày.,,Cao,"Lòng đỏ trứng: 4quả (18-20gr/lòng đỏ, nhiệt độ phòng); Đường: 20gram (None); Sữa tươi không đường: 40ml (None); Dầu ăn thực vật: 40gram (Không dùng dầu Olive); Vani chiết xuất: 0.5thìa cafe (None); Bột mì đa dụng: 30gram (None); Bột ngô: 30gram (None); Lòng trắng trứng: 4quả (30-35gr/lòng trắng, nhiệt độ phòng); Muối: nhúm nhỏNone (None); Cream of tartar: 0.375thìa cafe (Hoặc nước cốt chanh/dấm tương đương); Đường: 60gram (Rây mịn); Kem tươi 35-40% béo: 125ml (None); Đường: 20gram (None); Hoa quả tươi: tùy thíchNone (Ví dụ: 1 kiwi, 70gr quýt đóng hộp, 8-10 dâu)","1. Làm nóng lò nướng ở 170 độ C – hai lửa.
2. Cho lòng đỏ và 20 gram đường vào âu, đánh nhẹ nhàng tới khi đường tan hết, hòa quyện với lòng đỏ.
3. Cho sữa, dầu ăn, vanilla vào, trộn đều với lòng đỏ.
4. Rây bột mì và bột ngô, trộn đều tới khi hỗn hợp mịn mượt, không có vón cục.
5. Đánh lòng trắng trứng với muối, cream of tartar và đường tới bông cứng: lòng trắng bóng, dẻo, mịn, khi nhấc que đánh lên thấy có chóp nhọn, và chóp này không bị oặt xuống.
6. Trộn lòng trắng với hỗn hợp lòng đỏ bằng kĩ thuật fold. Sau khi trộn xong, hỗn hợp bông mịn, không có bọt khí to, không lỏng hoặc loãng.
7. Nướng bánh ở chính giữa lò, 170 độ C trong 25 – 30 phút, tới khi mặt bánh chuyển vàng, ấn nhẹ lên mặt bánh thấy vết lõm lập tức phồng trở lại.
8. Lấy bánh chín ra khỏi khuôn, gỡ bỏ giấy nến. Để bánh nguội hẳn. Nên đặt bánh lên 1 chiếc khăn sạch, dưới khăn là rack và đặt tất cả trên 1 khuôn cao. Lớp khăn này sẽ giúp cho bánh không bị dính vào rack, đồng thời cũng thoát hơi nước dễ hơn.
9. Trong lúc đợi bánh nguội, đánh kem tươi với đường đến bông cứng. Khi kem đã gần đặc và có vân khi chạy máy, nên đánh ở tốc độ thấp nhất để tránh cho kem bị đánh quá đà và tách nước. Cắt hoa quả thành miếng nhỏ. Để kem và hoa quả vào tủ lạnh khoảng 30 phút, kem sẽ đặc và trét bánh dễ hơn.
10. Khi bánh đã nguội, cắt bỏ phần rìa bánh vì phần này thường rất khô, sẽ làm gãy bánh khi cuộn. Đặt bánh lên 1 tờ giấy bạc, mặt nâu quay lên trên.
11. Trét kem lên mặt bánh, chừa lại khoảng 0.5 cm riềm hai bên và 2 cm ở mép cuối cuộn bánh (do khi cuộn kem sẽ dồn xuống dưới). Xếp hoa quả lên trên phần kem.
12. Nhẹ nhàng nhưng dứt khoát cuộn bánh lại. Giấy bạc có thể giúp cuộn bánh nếu bạn chưa quen tay vì giấy bạc khá cứng nên cuộn sẽ dễ hơn là dùng giấy nến hay khăn. Nên cuộn dứt khoát vì thường càng rón rén thì bánh càng dễ bị nứt.
13. Sau khi cuộn xong, bọc chặt bánh bằng nilon bọc thực phẩm. Để bánh vào tủ lạnh khoảng 3 – 4 giờ để phần kem lạnh hẳn. Bảo quản bánh trong ngăn mát tủ lạnh trong khoảng 2 – 3 ngày."
chocolate_cake_roll_002,Chocolate Cake Roll (Swiss Roll),A classic chocolate cake roll with vanilla whipped cream and chocolate ganache.,Truyền thống,Chocolate,Trung bình,,,,,https://sallysbakingaddiction.com/wp-content/uploads/2019/10/chocolate-cake-roll-swiss-roll-recipe-2.jpg,,Sally's Baking Addiction,2019-10-01,2024-08-16,Sử dụng dầu ăn thay bơ để bánh ẩm hơn. Buttermilk cũng giúp bánh ẩm. Bột espresso giúp tăng cường hương vị chocolate. Cuộn bánh dễ dàng hơn và ít bị nứt hơn.,,,Cao,Bột mì đa dụng hoặc bột làm bánh: NoneNone (None); Bột cacao không đường: NoneNone (Dutch-process hoặc natural); Trứng: 4quả (Tách lòng đỏ và lòng trắng); Dầu ăn: NoneNone (Giúp bánh ẩm hơn); Buttermilk: NoneNone (Hoặc sữa tươi nguyên kem); Bột espresso: một lượng nhỏNone (Tăng cường hương vị cacao),"1. Chuẩn bị các nguyên liệu chính: bột mì, bột cacao, trứng tách lòng, dầu ăn, buttermilk, bột espresso.
2. Đánh bông lòng trắng trứng đến độ bông cứng vừa phải để tạo độ xốp cho bánh.
3. Trộn các nguyên liệu khô và ướt còn lại để tạo hỗn hợp bột bánh.
4. Nhẹ nhàng fold lòng trắng trứng vào hỗn hợp bột.
5. Nướng bánh theo hướng dẫn để đảm bảo bánh chín mềm và không bị khô.
6. Để bánh nguội hoàn toàn trước khi cuộn để tránh bị nứt.
7. Chuẩn bị kem vani đánh bông và ganache chocolate.
8. Phết kem lên bánh và cuộn lại.
9. Phủ ganache chocolate lên bánh đã cuộn."
red_velvet_cake_roll_003,Red Velvet Cake Roll,Light and tender red velvet cake roll with cream cheese whipped cream filling.,Hiện đại,"Red Velvet, Cream Cheese",Trung bình,,12.0,,,https://www.lifeloveandsugar.com/wp-content/uploads/2021/04/Red-Velvet-Cake-Roll-S2.jpg,,"Life, Love, and Sugar",,,Đo bột mì chính xác. Buttermilk và giấm trắng là thành phần quan trọng tạo hương vị đặc trưng. Dầu thực vật giúp bánh ẩm. Cuộn bánh khi còn nóng để tránh nứt. Làm lạnh bánh đã cuộn để kem đông lại.,"Làm lạnh bánh đã cuộn ít nhất một giờ, có thể để qua đêm.",,Cao,Bột mì đa dụng: 1 cup trừ 1 tbspNone (Đo chính xác); Bột cacao không đường tự nhiên: 3tbsp (Tạo màu và hương vị); Baking powder: NoneNone (Giúp bánh nở); Muối: NoneNone (None); Trứng: NoneNone (Tách lòng đỏ và lòng trắng); Đường hạt: NoneNone (None); Buttermilk: NoneNone (Không thay thế sữa khác); Giấm trắng: NoneNone (Tạo vị chua đặc trưng); Dầu thực vật: NoneNone (Giúp bánh ẩm); Chiết xuất vani: NoneNone (None); Màu thực phẩm đỏ: NoneNone (Tạo màu đỏ tươi); Kem tươi béo: NoneNone (Để lạnh); Đường bột: NoneNone (Làm ngọt và ổn định kem); Cream cheese: NoneNone (Để nhiệt độ phòng),"1. Làm nóng lò ở 350°F (175°C). Lót giấy nến vào khuôn jelly roll, chừa phần giấy nhô cao ở các cạnh.
2. Trộn bột mì, cacao, baking powder và muối trong một bát vừa, để riêng.
3. Trong một bát lớn, đánh lòng đỏ trứng, đường và buttermilk cho đến khi hòa quyện. Thêm giấm, dầu thực vật, vani và màu đỏ, đánh đều.
4. Thêm hỗn hợp khô vào hỗn hợp ướt, trộn nhẹ nhàng cho đến khi hòa quyện.
5. Trong một bát trộn riêng, đánh lòng trắng trứng ở tốc độ cao cho đến khi bông cứng.
6. Nhẹ nhàng fold khoảng 1/3 lòng trắng trứng vào hỗn hợp chocolate để làm lỏng bột. Sau đó fold phần lòng trắng còn lại cho đến khi hòa quyện.
7. Phết đều bột bánh vào khuôn đã chuẩn bị và nướng trong 10-12 phút, hoặc cho đến khi mặt bánh đàn hồi khi chạm vào và tăm xiên ra sạch.
8. Lấy bánh ra khỏi lò và ngay lập tức nhấc bánh ra khỏi khuôn bằng giấy nến, đặt lên mặt bàn.
9. Khi bánh còn nóng, dùng giấy nến cuộn bánh lại từ cạnh ngắn hơn. Để nguội hoàn toàn, có thể tháo ra cuộn lại vài lần trong quá trình nguội để giữ độ đàn hồi.
10. Khi bánh đã nguội hoàn toàn, làm kem phô mai đánh bông: đánh kem tươi béo, đường bột và vani cho đến khi đặc lại. Thêm cream cheese đã làm mềm và đánh ở tốc độ thấp cho đến khi bông cứng.
11. Cẩn thận mở cuộn bánh, phết đều kem lên mặt bánh, chừa một khoảng trống nhỏ ở các cạnh.
12. Cuộn bánh lại mà không dùng giấy nến. Bọc bánh bằng màng bọc thực phẩm, để phần mép bánh xuống dưới và làm lạnh ít nhất một giờ.
13. Khi dùng, lấy bánh ra khỏi màng bọc thực phẩm, đặt lên đĩa và rắc thêm đường bột."
matcha_swiss_roll_004,Matcha Swiss Roll (Roll Cake),A fluffy sponge cake filled with fresh green tea powder cream.,Hiện đại,Trà xanh,Trung bình,,12.0,,,https://www.justonecookbook.com/wp-content/uploads/2020/06/Matcha-Swiss-Roll-1-500x500.jpg,https://www.youtube.com/watch?v=BkS1K8b6BNY,Just One Cookbook,,2025-01-20,Cân đo nguyên liệu chính xác. Rây bột trà xanh 3 lần để tránh vón cục. Không trộn quá tay bột bánh. Cuộn bánh khi còn ấm để tránh nứt. Kem phải đặc để không bị chảy khi cuộn.,Bảo quản trong tủ lạnh tối đa 3 ngày.,,Cao,Trứng lớn: 4quả (50g mỗi quả không vỏ); Bột làm bánh: 0.75cup (Đo chính xác bằng cân hoặc phương pháp fluff and sprinkle); Baking powder: 0.5tsp (None); Bột trà xanh (matcha): 2tbsp (1 tbsp = 6g); Đường: 0.5cup (Chia đôi); Sữa tươi nguyên kem: 3tbsp (Làm ấm); Kem tươi béo: 0.75cup (Để lạnh); Đường: 1.5tbsp (None); Bột trà xanh (matcha): 2tsp (None),"1. Chuẩn bị nguyên liệu, cân đo chính xác. Làm nóng lò ở 375ºF (190ºC). Lót giấy nến vào khuôn jelly roll 15x10 inch.
2. Tách lòng đỏ và lòng trắng trứng. Giữ lòng trắng trong tủ lạnh, lòng đỏ ở nhiệt độ phòng.
3. Rây bột làm bánh, baking powder và bột trà xanh 3 lần để đảm bảo hỗn hợp mịn và có không khí.
4. Đánh lòng đỏ trứng với một nửa lượng đường cho đến khi tăng gấp đôi thể tích và tạo thành dải ruy băng.
5. Đánh lòng trắng trứng cho đến khi nổi bọt, sau đó từ từ thêm phần đường còn lại và đánh đến khi bông cứng và bóng.
6. Nhẹ nhàng fold 1/3 lòng trắng trứng vào hỗn hợp lòng đỏ. Sau đó cho hỗn hợp lòng đỏ vào phần lòng trắng còn lại và fold nhẹ nhàng cho đến khi hòa quyện.
7. Thêm hỗn hợp khô vào hỗn hợp trứng, fold nhẹ nhàng cho đến khi hòa quyện, tránh trộn quá tay.
8. Thêm sữa tươi đã làm ấm vào bột và fold cho đến khi hòa quyện.
9. Đổ bột vào khuôn đã chuẩn bị, dàn đều và gõ nhẹ để loại bỏ bọt khí. Nướng trong 10-12 phút hoặc cho đến khi bánh chín.
10. Lấy bánh ra khỏi lò, thả khuôn xuống mặt bàn một lần để tránh bánh co lại. Đặt giấy nến lên mặt bánh, úp ngược bánh và nhẹ nhàng bóc giấy nến cũ.
11. Cắt bỏ 1/2 inch ở một đầu ngắn của bánh theo góc. Cuộn bánh khi còn ấm cùng với giấy nến, bắt đầu từ đầu đối diện với phần đã cắt. Để nguội hoàn toàn trên giá.
12. Làm kem trà xanh: đánh kem tươi béo, đường và bột trà xanh cho đến khi đặc và có thể phết được.
13. Mở cuộn bánh, phết đều kem trà xanh lên mặt bánh, chừa khoảng 1/2 inch ở các cạnh. Cuộn bánh lại chặt chẽ mà không dùng giấy nến. Bọc trong giấy nến và làm lạnh ít nhất 2 giờ.
14. Cắt bỏ 1/2 inch ở hai đầu bánh để lộ các vòng xoắn đẹp mắt. Cắt lát và phục vụ."
taro_swiss_roll_005,Cottony Soft Taro Swiss Roll,A Taiwanese inspired cottony soft taro swiss roll with a simple and classy mont blanc style decor.,Hiện đại,Khoai môn,Trung bình,30.0,35.0,,6,https://vanillynbakery.com/wp-content/uploads/2021/04/IMG_0199-scaled.jpg,,VANILLYN BAKERY,2021-04-01,,Hấp khoai môn cho đến khi rất mềm để dễ nghiền. Lọc nhân khoai môn qua rây để có độ mịn. Fold lòng trắng trứng nhẹ nhàng để bánh xốp. Cuộn bánh khi còn ấm để tránh nứt. Làm lạnh bánh sau khi cuộn để giữ hình dạng.,Làm lạnh ít nhất 30 phút để bánh giữ hình dạng.,,Cao,Khoai môn: 250gram (Gọt vỏ và thái lát); Dầu hạt cải: 30gram (None); Kem tươi béo: 60gram (None); Đường hạt: 50gram (None); Rượu rum đen: 1tsp (Tùy chọn); Lòng đỏ trứng: 4quả (None); Dầu thực vật: 30gram (None); Sữa tươi: 40gram (None); Bột mì đa dụng: 40gram (None); Bột ngô: 10gram (None); Lòng trắng trứng: 4quả (None); Cream of tartar: 0.25tsp (None); Đường hạt: 60gram (None),"1. **Làm nhân khoai môn:** Hấp khoai môn thái lát trong 10-15 phút cho đến khi rất mềm. Nghiền nát khi còn nóng.
2. Cho khoai môn nghiền vào chảo chống dính cùng với dầu hạt cải, kem tươi, đường và rượu rum (tùy chọn).
3. Đun trên lửa vừa, khuấy liên tục cho đến khi đường tan chảy và tất cả các nguyên liệu hòa quyện. Hỗn hợp phải bóng và không quá khô. Lọc qua rây để có hỗn hợp mịn.
4. **Làm cốt bánh:** Làm nóng lò ở 160°C. Lót giấy nến vào khuôn 25x35cm.
5. Trộn lòng đỏ trứng, dầu thực vật, sữa tươi, bột mì và bột ngô cho đến khi mịn.
6. Đánh lòng trắng trứng với cream of tartar cho đến khi nổi bọt, sau đó từ từ thêm đường và đánh đến khi bông cứng.
7. Fold nhẹ nhàng lòng trắng trứng vào hỗn hợp lòng đỏ.
8. Đổ bột vào khuôn đã chuẩn bị, dàn đều và nướng trong 25-30 phút.
9. **Cuộn bánh:** Khi bánh nguội, bóc lớp da trên mặt bánh (tùy chọn). Lật bánh lên một tờ giấy nến sạch, cắt bỏ khoảng 1cm ở một cạnh ngắn theo góc.
10. Phết siro lên bánh (tùy chọn). Phết đều nhân khoai môn lên bánh, chừa khoảng 1cm ở cạnh đã cắt.
11. Bắt đầu cuộn bánh từ cạnh đối diện với cạnh đã cắt, dùng giấy nến để hỗ trợ. Dùng thước hoặc dụng cụ phẳng để siết chặt các đầu bánh.
12. Làm lạnh ít nhất 30 phút để bánh giữ hình dạng."
strawberry_swiss_roll_006,Strawberry Swiss Roll,"A vanilla sponge cake filled with fresh, homemade strawberry jam and vanilla-flavored cream cheese frosting.",Truyền thống,"Dâu tây, Vani",Trung bình,,15.0,,,https://www.homecookingadventure.com/wp-content/uploads/2016/04/Strawberry-Swiss-Roll-1.jpg,,Home Cooking Adventure,2016-04-05,,Cuộn bánh khi còn nóng để tránh nứt. Rắc đường bột lên khăn để chống dính. Để nguội hoàn toàn trước khi phết kem. Làm lạnh bánh sau khi lắp ráp để kem đông lại.,Làm lạnh ít nhất 1 giờ trước khi dùng.,,Cao,Dâu tây: NoneNone (Để làm mứt dâu); Đường: NoneNone (Để làm mứt dâu); Nước: NoneNone (Để làm mứt dâu); Bột mì: NoneNone (None); Baking powder: NoneNone (None); Muối: NoneNone (None); Trứng: NoneNone (None); Đường: NoneNone (None); Chiết xuất vani: NoneNone (None); Dầu ăn: NoneNone (None); Đường bột: NoneNone (Để rắc lên khăn và bánh); Cream cheese: NoneNone (None); Đường bột: NoneNone (Để làm kem phô mai); Chiết xuất vani: NoneNone (Để làm kem phô mai); Kem tươi: NoneNone (Đánh bông),"1. **Chuẩn bị mứt dâu:** Kết hợp dâu tây, đường và nước trong nồi nhỏ. Đun nhỏ lửa cho đến khi đặc lại, khoảng 15-20 phút. Để nguội hoàn toàn.
2. **Chuẩn bị cốt bánh:** Làm nóng lò ở 350°F (180°C). Phết bơ và lót giấy nến vào khay nướng 12x16 inch (30x40 cm).
3. Trong một bát vừa, trộn bột mì, baking powder và muối. Để riêng.
4. Trong một bát lớn, đánh trứng, đường và vani cho đến khi hỗn hợp có màu vàng chanh và nổi bọt. Thêm dầu ăn và trộn đều. Từ từ thêm hỗn hợp bột, trộn cho đến khi vừa hòa quyện.
5. Đổ bột vào khay đã chuẩn bị, dàn đều. Nướng trong 12-15 phút hoặc cho đến khi tăm xiên ra sạch.
6. Trong khi bánh nướng, chuẩn bị một chiếc khăn bếp bằng cách rắc đường bột lên.
7. Khi bánh chín, lật bánh lên khăn đã chuẩn bị khi còn nóng. Gỡ giấy nến và rắc đường bột lên bánh.
8. Khi bánh còn nóng hoặc ấm, cuộn bánh lại trong khăn. Để nguội hoàn toàn.
9. **Chuẩn bị kem phô mai:** Trong một bát, đánh cream cheese với đường bột và vani cho đến khi mịn. Trong một bát khác, đánh bông kem tươi cho đến khi bông cứng. Nhẹ nhàng fold kem tươi vào hỗn hợp cream cheese.
10. **Lắp ráp:** Khi bánh đã nguội, cẩn thận mở cuộn bánh. Phết đều mứt dâu lên bánh, sau đó là một lớp kem phô mai.
11. Nhẹ nhàng cuộn bánh lại mà không dùng khăn. Làm lạnh ít nhất 1 giờ trước khi dùng.
12. Trước khi dùng, rắc thêm đường bột và trang trí bằng dâu tây tươi."
coffee_roll_cake_007,Coffee Roll Cake,"A light and fluffy chiffon cake flavoured with coffee, filled with a luscious coffee cream.",Hiện đại,Cà phê,Trung bình,,15.0,240.0,,https://www.siftandsimmer.com/wp-content/uploads/2023/02/coffee-roll-cake-featured.jpg,,Sift & Simmer,2023-02-10,,Cân đo chính xác nguyên liệu. Đánh lòng trắng trứng đến đỉnh mềm. Fold nhẹ nhàng để giữ độ xốp. Đập khay bánh sau khi nướng để tránh co rút. Không đánh quá tay kem cà phê. Làm lạnh bánh đã cuộn ít nhất 4 giờ.,Làm lạnh ít nhất 4 giờ để kem đông lại.,,Cao,Lòng đỏ trứng: NoneNone (None); Đường hạt: 30gram (None); Muối: nhúmNone (None); Dầu thực vật: NoneNone (None); Cà phê nguội: NoneNone (None); Chiết xuất vani: NoneNone (None); Bột làm bánh: NoneNone (Rây mịn); Lòng trắng trứng: NoneNone (None); Cream of tartar: NoneNone (None); Đường hạt: 30gram (None); Kem tươi béo: NoneNone (None); Bột espresso: NoneNone (None); Đường bột: NoneNone (None),"1. **Làm cốt bánh:** Làm nóng lò ở 375F (190C). Lót giấy nến vào khay nướng 9x13 inch.
2. Trong một bát lớn, trộn lòng đỏ trứng, 30g đường hạt, nhúm muối, dầu thực vật, cà phê nguội và chiết xuất vani. Đánh đều.
3. Rây bột làm bánh vào và khuấy cho đến khi vừa hòa quyện. Để riêng.
4. Trong bát của máy trộn đứng, đánh lòng trắng trứng ở tốc độ thấp đến trung bình cho đến khi nổi bọt. Thêm cream of tartar và tăng dần tốc độ.
5. Từ từ thêm 30g đường hạt còn lại và tiếp tục đánh cho đến khi lòng trắng trứng đạt đỉnh mềm.
6. Lấy khoảng 1/3 lòng trắng trứng đã đánh bông fold vào hỗn hợp lòng đỏ cà phê để làm lỏng bột.
7. Tiếp tục fold lòng trắng trứng còn lại theo từng phần 1/3 cho đến khi tất cả hòa quyện vào bột.
8. Đổ bột vào khay đã chuẩn bị. Gõ nhẹ khay vài lần xuống bàn để loại bỏ bọt khí. Dàn đều mặt bánh.
9. Nướng ở 375F (190C) trong 13-15 phút, hoặc cho đến khi mặt bánh đàn hồi và khô khi chạm vào.
10. Lấy bánh ra khỏi lò và đập khay xuống bàn để tránh bánh co lại. Chuyển bánh sang giá để nguội (không hoàn toàn).
11. **Làm kem cà phê:** Trong một bát trộn, kết hợp kem tươi béo, bột espresso và đường bột. Đánh cho đến khi kem cà phê đạt đỉnh cứng. Cẩn thận không đánh quá tay.
12. **Lắp ráp:** Khi bánh còn hơi ấm, bóc giấy nến. Chuyển bánh sang một tờ giấy nến sạch lớn. Phết kem cà phê lên mặt bánh và dàn đều.
13. Bắt đầu cuộn bánh từ một đầu (dài hoặc ngắn tùy ý), cuộn hết cỡ, kết thúc với mặt đường nối xuống dưới.
14. Bọc bánh bằng giấy nến và bịt kín các đầu. Đặt lên khay và cho vào tủ lạnh ít nhất 4 giờ để kem đông lại."
lemon_blueberry_cake_roll_008,Lemon Cake Roll with Blueberry Cream Cheese Frosting,"A soft, lemony sponge cake wrapped around a vibrant blueberry cream cheese filling.",Hiện đại,"Chanh, Việt quất",Trung bình,45.0,15.0,240.0,10,https://www.bunsenburnerbakery.com/wp-content/uploads/2023/04/Lemon-Blueberry-Cake-Roll-5.jpg,,Bunsen Burner Bakery,2025-04-22,,Sử dụng trứng ở nhiệt độ phòng. Không nướng bánh quá lâu để tránh bị khô và nứt. Cuộn bánh ngay khi còn nóng để giữ độ đàn hồi. Làm lạnh bánh đã cuộn để kem đông lại và dễ cắt hơn.,Bảo quản trong tủ lạnh tối đa 5 ngày hoặc đông lạnh đến 3 tháng.,,Cao,"Bột mì đa dụng: 1cup (120 grams); Baking powder: 1teaspoon (None); Muối: 0.5teaspoon (None); Trứng lớn: 4quả (Nhiệt độ phòng); Nước cốt chanh: 2tablespoons (None); Vỏ chanh bào: 1tablespoon (None); Đường hạt: 0.75cup (149 grams); Dầu thực vật: 1tablespoon (None); Đường bột: 1cup (113 grams, chia ra); Việt quất: 2cups (290 grams); Nước cốt chanh: 1tablespoon (None); Nước: 1tablespoon (None); Bơ lạt: 1cup (226 grams, nhiệt độ phòng); Cream cheese: 0.5cup (113 grams, nhiệt độ phòng); Đường bột: 7cups (800 grams)","1. **Làm mứt việt quất:** Trong nồi nhỏ, nấu việt quất, nước cốt chanh và nước cho đến khi việt quất vỡ ra. Lọc qua rây, ép lấy nước và để nguội hoàn toàn.
2. **Làm cốt bánh:** Làm nóng lò ở 375F (190C). Phết bơ hoặc xịt chống dính vào đáy khuôn 12x17 inch.
3. Trong một bát, trộn bột mì, baking powder và muối.
4. Trong một bát khác, đánh trứng, nước cốt chanh và vỏ chanh cho đến khi nhạt màu và sủi bọt. Thêm dầu ăn và từ từ đổ đường vào, tiếp tục đánh. Fold hỗn hợp khô vào.
5. Dàn đều bột vào khuôn đã chuẩn bị và nướng cho đến khi bánh đàn hồi khi chạm vào.
6. Ngay lập tức lật bánh lên một chiếc khăn đã rắc đường bột và cuộn chặt bánh trong khăn. Để nguội hoàn toàn.
7. **Làm kem phô mai việt quất:** Đánh bơ và cream cheese cho đến khi mịn. Từ từ thêm đường bột và nước việt quất đã nguội, tiếp tục đánh cho đến khi kem mịn và đặc.
8. **Lắp ráp:** Nhẹ nhàng mở cuộn bánh và gỡ khăn. Phết đều kem lên bánh, sau đó cuộn lại cẩn thận.
9. Làm lạnh trước khi cắt lát để kem đông lại."
pumpkin_roll_009,Easy Pumpkin Roll Recipe,"A soft, moist pumpkin cake filled with smooth cream cheese frosting.",Truyền thống,"Bí đỏ, Gia vị",Dễ,,16.0,,,https://tastesbetterfromscratch.com/wp-content/uploads/2023/10/Pumpkin-Roll-1-500x500.jpg,,Tastes Better From Scratch,,2024-10-27,Cuộn bánh khi còn nóng để tránh nứt. Bánh nóng mềm dẻo và sẽ giữ hình dạng này khi nguội. Làm lạnh bánh đã cuộn ít nhất 1 giờ để nhân đông lại.,Giữ phần còn lại trong tủ lạnh tối đa 3 ngày.,,Cao,Bột mì: NoneNone (None); Muối: NoneNone (None); Quế: NoneNone (None); Baking soda: NoneNone (None); Gia vị bí đỏ: NoneNone (None); Trứng: NoneNone (None); Vani: NoneNone (None); Đường: NoneNone (None); Bí đỏ nghiền: NoneNone (None); Cream cheese: NoneNone (None); Bơ: NoneNone (None); Vani: NoneNone (None); Đường bột: NoneNone (None),"1. **Chuẩn bị khuôn:** Làm nóng lò ở 350°F (175°C). Xịt nhẹ khuôn 10x15 inch với dầu ăn, lót giấy nến và xịt lại dầu ăn. Để thừa giấy nến ở hai cạnh dài để dễ nhấc bánh ra.
2. **Làm bột bánh:** Trong một bát, trộn bột mì, muối, quế, baking soda và gia vị bí đỏ. Trong một bát khác, trộn trứng, vani, đường và bí đỏ nghiền cho đến khi mịn. Đổ hỗn hợp khô vào hỗn hợp ướt, khuấy cho đến khi vừa hòa quyện.
3. **Nướng bánh:** Đổ bột vào khuôn đã chuẩn bị, dàn đều. Nướng trong 13-16 phút hoặc cho đến khi tăm xiên ra sạch. Lấy bánh ra khỏi lò. Nhấc bánh lên bằng giấy nến và đặt lên bề mặt phẳng chịu nhiệt. Khi bánh còn nóng, bắt đầu từ một cạnh ngắn và từ từ cuộn bánh bên trong giấy nến. Để nguội hoàn toàn trên giá.
4. **Thêm nhân:** Trộn cream cheese, bơ, vani và đường bột bằng máy đánh trứng cho đến khi bông và mịn. Cẩn thận mở cuộn bánh bí đỏ đã nguội, sau đó nhẹ nhàng phết nhân đều lên bánh. Cuộn bánh bí đỏ lại mà không dùng giấy nến và bọc bằng màng bọc thực phẩm. Làm lạnh ít nhất 1 giờ trước khi dùng.
5. **Phục vụ:** Rắc đường bột lên mặt bánh bí đỏ, nếu muốn. Cắt lát và phục vụ. Giữ phần còn lại trong tủ lạnh tối đa 3 ngày."
lemon_swiss_roll_010,Lemon Swiss Roll,Swirls of whipped cream and lemon curd to fill a cake roll.,Hiện đại,Chanh,Trung bình,,15.0,,,https://stylesweet.com/wp-content/uploads/2024/02/Lemon-Swiss-Roll-1-500x500.jpg,,Style Sweet,,2024-02-12,Đánh lòng trắng trứng đến đỉnh cứng vừa. Fold nhẹ nhàng để giữ độ xốp. Cuộn bánh khi còn ấm để tránh nứt. Làm lạnh bánh đã cuộn trước khi dùng.,Làm lạnh trước khi dùng.,,Cao,Lòng đỏ trứng: NoneNone (None); Dầu ăn: NoneNone (None); Sữa: NoneNone (None); Đường: NoneNone (None); Bột mì: NoneNone (None); Lòng trắng trứng: NoneNone (None); Kem tươi: NoneNone (None); Đường: NoneNone (None); Mứt chanh: NoneNone (None),"1. **Làm cốt bánh:** Trộn lòng đỏ trứng, dầu, sữa và đường cho đến khi mịn. Thêm hỗn hợp khô và khuấy đều.
2. Trong một bát sạch, đánh lòng trắng trứng cho đến khi bông cứng vừa. Fold lòng trắng trứng vào hỗn hợp bột làm hai lần.
3. Dàn đều bột vào khuôn 9x13 inch đã lót giấy nến. Nướng ở 350°F (175°C) khoảng 15 phút hoặc cho đến khi mặt bánh đàn hồi khi chạm vào.
4. Khi bánh ra lò, rắc đường bột lên. Đặt một chiếc khăn sạch lên trên, sau đó là một tấm thớt. Cẩn thận lật ngược tất cả. Gỡ bỏ khuôn nướng và bóc giấy nến. Rắc đường bột lên mặt dưới. Bắt đầu từ cạnh ngắn, cẩn thận cuộn bánh ấm trong khăn. Để nguội.
5. **Làm nhân:** Đánh kem tươi và đường cho đến khi bông cứng vừa. Fold một phần mứt chanh vào. Trộn đều nhưng không trộn quá kỹ.
6. **Lắp ráp:** Mở cuộn bánh và gỡ khăn. Phết nhân lên bánh. Thêm phần mứt chanh còn lại lên trên và xoáy nhẹ. Cẩn thận cuộn bánh lại. Đặt mặt đường nối xuống dưới. Làm lạnh trước khi dùng."
orange_swiss_roll_011,Orange Swiss Roll,A soft and fluffy rolled orange sponge cake filled with whipped cream and mandarin oranges.,Hiện đại,Cam,Trung bình,70.0,13.0,503.0,,https://teakandthyme.com/wp-content/uploads/2022/01/orange-swiss-roll-cake-featured.jpg,,Teak & Thyme,2022-01-27,2022-08-08,Đánh lòng trắng trứng đến đỉnh cứng. Fold nhẹ nhàng để giữ độ xốp. Cuộn bánh khi còn ấm để tránh nứt. Làm lạnh bánh đã cuộn qua đêm để kem đông lại.,Làm lạnh trong tủ lạnh qua đêm.,,Cao,"Lòng trắng trứng lớn: 6quả (None); Đường hạt: 100gram (None); Lòng đỏ trứng lớn: 6quả (None); Dầu không mùi: 50gram (None); Nước cam: 50gram (Vắt tươi từ khoảng 2 quả quýt, không có tép); Chiết xuất vani: 0.5tsp (None); Bột làm bánh: 70gram (None); Kem tươi béo: 250ml (None); Đường bột: 2tbsp (None); Chiết xuất vani: 0.5tsp (None); Cam quýt: 2quả (Bóc vỏ, tách múi)","1. **Làm cốt bánh:** Làm nóng lò ở 375°F (190°C) và lót giấy nến vào khay nướng 9x13 inch có thành cao 1 inch. Để riêng.
2. Trong một bát trộn lớn, dùng máy đánh trứng điện hoặc máy trộn đứng để đánh lòng trắng trứng ở tốc độ trung bình cho đến khi nổi bọt mềm.
3. Rắc từng thìa đường hạt vào, trộn đều sau mỗi lần thêm, cho đến khi tất cả đường đã được thêm vào và meringue đạt đỉnh cứng. Để riêng.
4. Trong một bát trộn lớn khác, khuấy lòng đỏ trứng, dầu, nước cam và chiết xuất vani cho đến khi lòng đỏ trứng tan ra. Khuấy bột làm bánh cho đến khi vừa hòa quyện.
5. Thêm meringue lòng trắng trứng vào hỗn hợp lòng đỏ làm 3 lần, fold nhẹ nhàng theo chuyển động từ dưới lên trên sau mỗi lần thêm. Fold cho đến khi không còn vệt và bột nhẹ, bông.
6. Đổ bột vào khay nướng đã lót giấy nến và dùng spatula dàn đều bột thành một lớp mỏng, đảm bảo dàn đều vào các góc và cạnh của khay.
7. Nướng bánh trong 12-13 phút hoặc cho đến khi tăm xiên ra sạch và các cạnh hơi vàng.
8. Để bánh nguội vài phút trên khay nướng cho đến khi đủ ấm để cầm. Dùng dao lướt dọc các cạnh của khuôn để tách bánh. Đặt một tờ giấy nến khác lên trên bánh. Nắm cả hai cạnh của giấy nến và các cạnh của khuôn và lật nhanh để lấy bánh ra khỏi khuôn.
9. Bóc lớp giấy nến phía dưới (hiện đang ở trên). Cắt bỏ các cạnh bánh bị cháy ở hai cạnh ngắn hơn. Cuộn lỏng bánh (CÙNG với giấy nến) thành hình khúc gỗ và để nguội hoàn toàn trong hình dạng này.
10. **Làm nhân kem tươi:** Trong một bát trộn, thêm kem tươi béo, đường bột và chiết xuất vani. Dùng máy đánh trứng điện đánh cho đến khi kem đặc lại và đạt đỉnh mềm.
11. Mở cuộn bánh đã nguội. Dùng spatula phết một lớp kem tươi dày lên mặt bánh, chừa một khoảng trống 2 inch ở một trong các cạnh ngắn. Đây sẽ là phần cuối của cuộn bánh.
12. Đặt các múi quýt thành một hàng ở cạnh ngắn còn lại của bánh. Tùy chọn, bạn có thể luồn một que xiên qua giữa các múi quýt để giữ chúng thẳng hàng khi cuộn. Cuộn chặt bánh từ đầu có quýt.
13. Khi đến cuối, dùng spatula gạt bỏ bất kỳ kem tươi thừa nào bị đẩy ra trước khi bạn hoàn thành cuộn bánh. Cạnh cuối cùng của bánh bây giờ sẽ nằm ở phía dưới, với trọng lượng của bánh đè lên để giữ nó không bị bung ra.
14. Cuộn bánh vào một tờ màng bọc thực phẩm. Bọc và làm lạnh trong tủ lạnh qua đêm để kem tươi đông lại.
15. Sau khi làm lạnh, cắt bỏ hai đầu bánh bị lộn xộn để lộ các vòng xoắn. Cố gắng cắt thẳng vào giữa các múi quýt để có một mặt cắt đẹp.
16. Trang trí mặt trên của cuộn bánh bằng kem tươi còn lại và các lát quýt, nếu muốn."
tiramisu_cake_roll_012,Tiramisu Cake Roll,"An airy sponge roll filled with rich mascarpone cream, soaked in coffee and dusted with cocoa.",Hiện đại,"Cà phê, Mascarpone",Trung bình,20.0,10.0,120.0,8,https://bakingwithbutter.com/wp-content/uploads/2023/06/Tiramisu-Cake-Roll-Featured-Image-500x500.jpg,,Baking with Butter,2023-06-07,,Không đánh quá tay bột bánh. Cuộn bánh khi còn nóng để tránh nứt. Làm lạnh bánh đã cuộn ít nhất 1 giờ để kem đông lại. Rắc bột cacao trước khi dùng.,Làm lạnh ít nhất 1 giờ trước khi dùng.,4.9,Cao,"Trứng lớn: 4quả (None); Đường hạt: 100gram (1/2 cup); Dầu thực vật trung tính: 28gram (2 tablespoons); Chiết xuất vani: 0.5tsp (None); Bột mì đa dụng: 100gram (3/4 cup); Bột ngô: 10gram (1 tablespoon); Bột nở: 0.5tsp (None); Cà phê espresso hoặc cà phê đậm đặc: 120ml (1/2 cup, để nguội); Rượu rum hoặc rượu mùi cà phê: 1tbsp (Tùy chọn); Mascarpone: 250gram (1 cup, để lạnh); Kem tươi béo: 240ml (1 cup, để lạnh); Đường bột: 50gram (1/2 cup); Chiết xuất vani: 0.5tsp (None); Bột cacao: NoneNone (Để rắc)","1. **Làm cốt bánh:** Làm nóng lò ở 170°C (340°F). Lót giấy nến vào khuôn 25x35cm.
2. Trong một bát, đánh trứng và đường cho đến khi bông và nhạt màu. Thêm dầu và vani, trộn đều. Rây bột mì, bột ngô và bột nở vào, fold nhẹ nhàng cho đến khi hòa quyện.
3. Đổ bột vào khuôn đã chuẩn bị, dàn đều. Nướng trong 10-12 phút hoặc cho đến khi tăm xiên ra sạch.
4. Khi bánh còn nóng, lật bánh lên một chiếc khăn đã rắc đường bột. Gỡ giấy nến và cuộn bánh trong khăn. Để nguội hoàn toàn.
5. **Làm nhân kem mascarpone:** Trong một bát, đánh mascarpone, kem tươi, đường bột và vani cho đến khi bông và mịn.
6. **Lắp ráp:** Mở cuộn bánh. Trộn cà phê nguội với rượu rum (nếu dùng). Phết đều hỗn hợp cà phê lên bánh. Phết nhân kem mascarpone lên bánh. Cuộn bánh lại chặt chẽ. Bọc bằng màng bọc thực phẩm và làm lạnh ít nhất 1 giờ.
7. Trước khi dùng, rắc bột cacao lên trên."
matcha_red_bean_swiss_roll_013,Matcha Red Bean Swiss Roll,Matcha Swiss roll with red bean filling.,Hiện đại,"Trà xanh, Đậu đỏ",Trung bình,30.0,10.0,120.0,8,https://alenashen.com/s/matcha-red-bean-swiss-roll-life-by-alena.jpg,,life by alena,,,Không đánh quá tay lòng trắng trứng. Fold nhẹ nhàng để giữ độ xốp. Không nướng bánh quá lâu để tránh nứt. Cuộn bánh khi còn nóng để bánh giữ hình dạng. Làm lạnh bánh đã cuộn trước khi dùng.,Dùng lạnh.,,Cao,"Trứng lớn: 3quả (None); Đường: 75gram (Chia ra); Bột mì đa dụng: 60gram (None); Bột ngô: 2tsp (None); Bột trà xanh (matcha): 2tsp (None); Baking powder: 0.5tsp (None); Sữa: 1.5tbsp (Ấm, tùy chọn (tôi dùng sữa hạnh nhân không đường)); Nhân đậu đỏ: 1cup (None)","1. **Nướng bánh:** Làm nóng lò ở 375°F (190°C) và lót giấy nến vào khuôn jelly roll 9x13 inch.
2. Tách lòng đỏ trứng vào một bát nhỏ và lòng trắng trứng vào một bát vừa đến lớn.
3. Dùng dĩa đánh tan lòng đỏ trứng. Thêm 25g đường vào bát và đánh cho đến khi nhạt màu.
4. Dùng máy đánh trứng cầm tay ở tốc độ thấp đến trung bình, đánh lòng trắng trứng trong khi từ từ thêm phần đường còn lại. Khi trứng đạt đỉnh mềm, tăng tốc độ lên trung bình cao cho đến khi đạt đỉnh cứng. Cẩn thận không đánh quá tay.
5. Thêm 1/4 lòng trắng trứng đã đánh bông vào lòng đỏ trứng. Nhanh chóng khuấy đều cho đến khi không còn vệt lòng trắng trứng. Đổ hỗn hợp này trở lại bát lòng trắng trứng đã đánh bông.
6. Dùng spatula silicon, cẩn thận fold hỗn hợp cho đến khi vừa hòa quyện. Rây bột mì, bột ngô, bột trà xanh và baking powder vào. Tiếp tục fold cho đến khi còn rất ít vệt trước khi thêm sữa. Fold cho đến khi vừa hòa quyện.
7. Đổ bột vào khuôn và dàn đều. Dùng tăm kéo qua lại trong bột để loại bỏ bọt khí lớn.
8. Nướng trong 9-11 phút hoặc cho đến khi bánh chín – không để quá lâu, nếu không bánh sẽ bị nứt khi cuộn.
9. **Lắp ráp:** Sau khi lấy ra khỏi lò, đặt một tờ giấy nến lên trên cốt bánh, sau đó là một tấm nướng hoặc đĩa lớn.
10. Lật bánh úp xuống và gỡ bỏ giấy nến ban đầu đã lót khuôn.
11. Cắt chéo một đầu bánh từ cạnh 9 inch (tùy chọn) để cuộn bánh dễ đứng.
12. Từ cạnh 9 inch còn lại, cuộn bánh cùng với giấy nến thành một cuộn chặt. Để nguội hoàn toàn trên giá.
13. Khi nguội, mở cuộn bánh. Phết nhân đậu đỏ lên bánh và dàn đều. Cuộn bánh chặt chẽ, cẩn thận không làm tràn nhân.
14. Cắt bỏ 1/2 inch từ cả hai bên và cắt cuộn bánh thành 8 lát đều. Dùng lạnh."
passion_fruit_cake_roll_014,Passion Fruit Cake Roll,This Passion Fruit Cake Roll is filled with silky smooth vanilla pastry cream and tangy passion fruit puree.,Hiện đại,"Chanh dây, Vani",Trung bình,,13.0,,,https://www.homecookingadventure.com/wp-content/uploads/2023/04/Passion-Fruit-Cake-Roll-1.jpg,,Home Cooking Adventure,2023-04-03,,Đánh trứng và đường cho cốt bánh đến khi tăng gấp ba lần thể tích. Fold bột nhẹ nhàng để giữ độ xốp. Cuộn bánh khi còn nóng để tránh nứt. Làm lạnh bánh đã cuộn ít nhất 3 giờ để kem đông lại.,Làm lạnh ít nhất 3 giờ.,,Cao,Chanh dây: NoneNone (Để làm mứt chanh dây); Trứng: NoneNone (Để làm mứt chanh dây); Đường: NoneNone (Để làm mứt chanh dây); Bơ: NoneNone (Để làm mứt chanh dây); Sữa: NoneNone (Để làm kem vani); Hạt vani: NoneNone (Để làm kem vani); Vỏ vani: NoneNone (Để làm kem vani); Trứng: NoneNone (Để làm kem vani); Đường: NoneNone (Để làm kem vani); Bột mì: NoneNone (Để làm kem vani); Gelatin: NoneNone (Để làm kem vani); Trứng: NoneNone (Để làm cốt bánh); Đường: NoneNone (Để làm cốt bánh); Màu thực phẩm: NoneNone (Để làm cốt bánh); Bột mì: NoneNone (Để làm cốt bánh); Baking powder: NoneNone (Để làm cốt bánh); Hạt dẻ cười xay: NoneNone (Để trang trí),"1. **Chuẩn bị mứt chanh dây:** Trong một bát lớn, trên nồi cách thủy, đánh chanh dây, trứng và đường. Khuấy liên tục khoảng 15-20 phút cho đến khi đặc lại. Cắt bơ thành miếng lớn. Khi hỗn hợp chanh dây đã xong, rây qua bơ. Dùng máy xay cầm tay trộn cho đến khi mịn và kem. Đậy bằng màng bọc thực phẩm và để nguội ở nhiệt độ phòng.
2. **Chuẩn bị kem vani:** Trong một nồi, cho sữa, hạt vani và vỏ vani. Đun nhỏ lửa. Trong một bát lớn, trộn trứng, đường và bột mì cho đến khi nhẹ và kem. Khi sữa bắt đầu sôi, lấy ra khỏi bếp và rây qua hỗn hợp trứng. Trộn trong 1 phút, sau đó cho lại lên bếp, đun ở lửa vừa. Tiếp tục trộn cho đến khi đặc lại. Khi bắt đầu sôi, lấy ra khỏi bếp. Đậy bằng màng bọc thực phẩm và để nguội. Ngâm gelatin trong nước lạnh 5-10 phút. Hòa tan gelatin trên lửa nhỏ và đổ vào kem vani. Trộn đều.
3. **Chuẩn bị cốt bánh vàng:** Làm nóng lò ở 350F (180C). Phết dầu và lót giấy nến vào khay nướng 16x12 inch (40x30cm). Trong một bát lớn, đánh trứng, đường và màu thực phẩm cho đến khi đặc và nhạt màu, tăng gấp ba lần thể tích, khoảng 10 phút. Nhẹ nhàng fold bột mì và baking powder vào. Đổ bột vào khay đã chuẩn bị và nướng trong 11-13 phút, hoặc cho đến khi tăm xiên ra sạch. Lấy ra khỏi lò và để nguội một chút. Khi bánh còn nóng, nhẹ nhàng cuộn bánh trong giấy nến và để yên như vậy cho đến khi nguội.
4. **Lắp ráp bánh cuộn:** Cẩn thận mở cuộn bánh đã nguội và phết đều mứt chanh dây lên toàn bộ bánh. Phết kem vani lên trên mứt. Đảm bảo chừa lại một phần ba nhân để trang trí. Rắc hạt dẻ cười xay lên trên kem. Cuộn bánh lại và cho vào tủ lạnh ít nhất 3 giờ. Lấy ra khỏi tủ lạnh và đặt lên đĩa phục vụ. Bóp phần kem còn lại lên bánh cuộn. Trang trí bằng kẹo sô cô la, rắc, meringue hoặc trái cây tươi. Thưởng thức!"
strawberry_swiss_roll_015,Strawberry Swiss Roll,A soft and fluffy chiffon cake wrapped around airy whipped cream and fresh strawberries.,Hiện đại,"Dâu tây, Kem tươi",Trung bình,,13.0,,,https://teakandthyme.com/wp-content/uploads/2024/02/strawberry-swiss-roll-featured.jpg,,Teak & Thyme,2024-02-11,2024-10-27,Đánh lòng trắng trứng đến đỉnh cứng. Fold nhẹ nhàng để giữ độ xốp. Không nướng bánh quá lâu để tránh nứt. Cuộn bánh khi còn nóng để bánh giữ hình dạng. Làm lạnh bánh đã cuộn ít nhất 6 giờ hoặc qua đêm để kem đông lại.,Làm lạnh ít nhất 6 giờ hoặc qua đêm.,,Cao,Lòng trắng trứng: NoneNone (None); Cream of tartar: NoneNone (None); Đường: 100gram (None); Màu thực phẩm hồng: NoneNone (1-2 giọt); Lòng đỏ trứng: NoneNone (None); Đường: 50gram (None); Sữa: NoneNone (None); Dầu ăn: NoneNone (None); Chiết xuất vani: NoneNone (None); Bột mì: NoneNone (None); Baking powder: NoneNone (None); Kem tươi béo: NoneNone (None); Đường bột: NoneNone (None); Chiết xuất vani: NoneNone (None); Dâu tây thái hạt lựu: NoneNone (None),"1. **Làm cốt bánh chiffon:** Làm nóng lò ở 350°F (175°C). Lót giấy nến vào khay nướng 12x17 inch chỉ ở đáy. Tách lòng trắng và lòng đỏ trứng vào hai bát trộn lớn riêng biệt.
2. Vào lòng trắng trứng, thêm cream of tartar. Dùng máy đánh trứng điện cầm tay có gắn phới lồng để đánh lòng trắng trứng cho đến khi nổi bọt như bọt cappuccino. Rắc 100g đường vào, từng thìa một, trộn đều sau mỗi lần thêm. Sau khi tất cả đường đã được thêm vào, thêm 1-2 giọt màu thực phẩm hồng và tiếp tục đánh lòng trắng trứng cho đến khi đạt đỉnh cứng. Để riêng.
3. Vào lòng đỏ trứng, thêm 50g đường còn lại và dùng cùng máy đánh trứng cầm tay để trộn cho đến khi hòa quyện. Thêm sữa, dầu ăn và chiết xuất vani. Trộn lại cho đến khi hòa quyện.
4. Dùng rây mịn để rây bột mì và baking powder vào hỗn hợp lòng đỏ trứng. Trộn ở tốc độ thấp cho đến khi hòa quyện và mịn.
5. Thêm 1/3 meringue vào hỗn hợp lòng đỏ trứng. Dùng spatula silicon nhẹ nhàng fold chúng lại với nhau cho đến khi vừa hòa quyện để tạo độ lỏng hơn. Thêm phần meringue còn lại và fold cho đến khi không còn vệt và bột bông, nhẹ. Đảm bảo vét sạch đáy bát nơi bột lòng đỏ trứng có xu hướng lắng xuống.
6. Đổ bột vào khay nướng đã lót giấy nến. Dùng spatula dàn đều bột vào các góc của khay và làm mịn thành một lớp phẳng, đều.
7. Nướng trong 12-13 phút hoặc cho đến khi các cạnh bánh có màu vàng nâu nhạt.
8. Lấy bánh ra khỏi lò, để nguội vài phút trước khi dùng spatula gỡ nhẹ nhàng xung quanh các cạnh bánh để tách bánh ra khỏi khuôn. Lật bánh ra khỏi khuôn lên giá và bóc giấy nến. Đặt một tờ giấy nến mới lên trên và lật bánh trở lại lên giấy nến sao cho mặt ban đầu ở trên bây giờ lại ở trên.
9. Dùng dao cắt bỏ các cạnh bánh bị cháy ở hai cạnh ngắn hơn. Bắt đầu từ một trong các cạnh ngắn, cuộn bánh cùng với giấy nến và để nguội hoàn toàn trong hình dạng cuộn này.
10. **Làm kem tươi:** Trong một bát trộn lớn, thêm kem tươi béo, đường bột và chiết xuất vani. Dùng máy đánh trứng điện cầm tay có gắn phới lồng để đánh kem cho đến khi đạt đỉnh cứng.
11. **Lắp ráp bánh cuộn:** Mở cuộn bánh đã nguội. Dùng spatula phết một lớp kem tươi dày và đều lên trên cốt bánh, chừa khoảng 2 inch ở một đầu. Giữ lại một lượng nhỏ kem tươi để trang trí mặt trên của bánh cuộn vào ngày hôm sau (tùy chọn).
12. Phân phối đều dâu tây thái hạt lựu lên lớp kem tươi, ấn nhẹ chúng vào kem để chúng dính chặt.
13. Cuộn bánh lại theo cách đã cuộn trước đó. Khi đến cuối, dùng spatula gạt bỏ bất kỳ nhân nào bị tràn ra trước khi để bánh cuộn nằm với đường nối ở phía dưới. Bất kỳ nhân nào bị tràn ra ở hai đầu cuộn cũng có thể được đẩy trở lại.
14. Bọc cuộn bánh bằng màng bọc thực phẩm, định hình lại cuộn bánh bằng tay nếu cần, và để lạnh trong tủ lạnh ít nhất 6 giờ hoặc tốt nhất là qua đêm để nhân đông lại."
pandan_swiss_roll_016,Pandan Swiss Roll,Soft and fluffy pandan swiss roll cake with whipped cream and toasted coconut flakes.,Hiện đại,"Lá dứa, Dừa",Trung bình,75.0,22.0,277.0,8,https://teakandthyme.com/wp-content/uploads/2024/08/pandan-swiss-roll-featured.jpg,,Teak & Thyme,2024-08-14,2024-10-27,Đánh lòng trắng trứng đến đỉnh cứng. Fold nhẹ nhàng để giữ độ xốp. Không nướng bánh quá lâu để tránh nứt. Cuộn bánh khi còn nóng để bánh giữ hình dạng. Làm lạnh bánh đã cuộn ít nhất 6 giờ hoặc qua đêm để kem đông lại.,Làm lạnh ít nhất 6 giờ hoặc qua đêm.,,Cao,Lòng trắng trứng lớn: 6quả (None); Cream of tartar: 0.5tsp (None); Đường hạt: 100gram (None); Lòng đỏ trứng lớn: 6quả (None); Đường hạt: 50gram (None); Sữa tươi: 60gram (None); Dầu thực vật: 50gram (None); Chiết xuất vani: 0.5tsp (None); Bột làm bánh: 70gram (None); Bột nở: 0.5tsp (None); Chiết xuất lá dứa: 1tsp (None); Kem tươi béo: 250ml (None); Đường bột: 2tbsp (None); Chiết xuất vani: 0.5tsp (None); Dừa nạo sấy: 100gram (Để trang trí),"1. **Làm cốt bánh chiffon:** Làm nóng lò ở 350°F (175°C). Lót giấy nến vào khay nướng 12x17 inch chỉ ở đáy. Để riêng.
2. Tách lòng trắng và lòng đỏ trứng vào hai bát trộn lớn riêng biệt. Để bát lòng đỏ trứng sang một bên.
3. Vào lòng trắng trứng, thêm cream of tartar. Dùng máy đánh trứng điện cầm tay có gắn phới lồng để đánh lòng trắng trứng cho đến khi nổi bọt như bọt cappuccino.
4. Rắc 100g đường vào, từng thìa một, trộn đều sau mỗi lần thêm. Sau khi tất cả đường đã được thêm vào, tiếp tục đánh lòng trắng trứng cho đến khi đạt đỉnh cứng. Để riêng.
5. Vào lòng đỏ trứng, thêm 50g đường còn lại và dùng cùng máy đánh trứng cầm tay để trộn cho đến khi hòa quyện. Thêm sữa, dầu ăn và chiết xuất vani. Trộn lại cho đến khi hòa quyện.
6. Dùng rây mịn để rây bột làm bánh và baking powder vào hỗn hợp lòng đỏ trứng. Trộn ở tốc độ thấp cho đến khi hòa quyện và mịn.
7. Thêm 1/3 meringue vào hỗn hợp lòng đỏ trứng. Dùng spatula silicon nhẹ nhàng fold chúng lại với nhau cho đến khi vừa hòa quyện để tạo độ lỏng hơn. Thêm phần meringue còn lại và fold cho đến khi không còn vệt và bột bông, nhẹ. Đảm bảo vét sạch đáy bát nơi bột lòng đỏ trứng có xu hướng lắng xuống.
8. Đổ bột vào khay nướng đã lót giấy nến. Dùng spatula dàn đều bột vào các góc của khay và làm mịn thành một lớp phẳng, đều.
9. Nướng trong 12-13 phút hoặc cho đến khi các cạnh bánh có màu vàng nâu nhạt.
10. Lấy bánh ra khỏi lò, để nguội vài phút trước khi dùng spatula gỡ nhẹ nhàng xung quanh các cạnh bánh để tách bánh ra khỏi khuôn. Lật bánh ra khỏi khuôn lên giá và bóc giấy nến. Đặt một tờ giấy nến mới lên trên và lật bánh trở lại lên giấy nến sao cho mặt ban đầu ở trên bây giờ lại ở trên.
11. Dùng dao cắt bỏ các cạnh bánh bị cháy ở hai cạnh ngắn hơn. Bắt đầu từ một trong các cạnh ngắn, cuộn bánh cùng với giấy nến và để nguội hoàn toàn trong hình dạng cuộn này.
12. **Làm kem tươi:** Trong một bát trộn lớn, thêm kem tươi béo, đường bột và chiết xuất vani. Dùng máy đánh trứng điện cầm tay có gắn phới lồng để đánh kem cho đến khi đạt đỉnh cứng.
13. **Lắp ráp bánh cuộn:** Mở cuộn bánh đã nguội. Dùng spatula phết một lớp kem tươi dày và đều lên trên cốt bánh, chừa khoảng 2 inch ở một đầu. Giữ lại một lượng nhỏ kem tươi để trang trí mặt trên của bánh cuộn vào ngày hôm sau (tùy chọn).
14. Rắc dừa nạo sấy lên trên lớp kem tươi.
15. Cuộn bánh lại theo cách đã cuộn trước đó. Khi đến cuối, dùng spatula gạt bỏ bất kỳ nhân nào bị tràn ra trước khi để bánh cuộn nằm với đường nối ở phía dưới. Bất kỳ nhân nào bị tràn ra ở hai đầu cuộn cũng có thể được đẩy trở lại.
16. Bọc cuộn bánh bằng màng bọc thực phẩm, định hình lại cuộn bánh bằng tay nếu cần, và để lạnh trong tủ lạnh ít nhất 6 giờ hoặc tốt nhất là qua đêm để nhân đông lại."
blueberry_swiss_roll_017,Blueberry Swiss Roll,An airy sponge roll filled with blueberry filling and whipped mascarpone cream.,Hiện đại,"Việt quất, Mascarpone",Trung bình,20.0,10.0,70.0,8,https://bakingwithbutter.com/wp-content/uploads/2023/04/Blueberry-Swiss-Roll-Featured-Image-500x500.jpg,,Baking with Butter,2023-04-27,,Không đánh quá tay bột bánh. Cuộn bánh khi còn nóng để tránh nứt. Làm lạnh bánh đã cuộn ít nhất 1 giờ để kem đông lại.,Làm lạnh ít nhất 1 giờ trước khi dùng.,4.9,Cao,Trứng lớn: 4quả (None); Đường hạt: 100gram (1/2 cup); Dầu thực vật trung tính: 28gram (2 tablespoons); Chiết xuất vani: 0.5tsp (None); Bột mì đa dụng: 100gram (3/4 cup); Bột ngô: 10gram (1 tablespoon); Bột nở: 0.5tsp (None); Nước lạnh: NoneNone (Để làm nhân việt quất); Nước cốt chanh: NoneNone (Để làm nhân việt quất); Bột ngô: NoneNone (Để làm nhân việt quất); Việt quất: NoneNone (Để làm nhân việt quất); Đường: NoneNone (Để làm nhân việt quất); Vỏ chanh: NoneNone (Để làm nhân việt quất); Vani: NoneNone (Để làm nhân việt quất); Muối: NoneNone (Để làm nhân việt quất); Mascarpone: NoneNone (Để làm kem mascarpone); Kem tươi béo: NoneNone (Để làm kem mascarpone); Đường bột: NoneNone (Để làm kem mascarpone); Vani: NoneNone (Để làm kem mascarpone),"1. **Làm cốt bánh:** Làm nóng lò ở 170°C (340°F). Lót giấy nến vào khuôn 25x35cm.
2. Trong một bát, đánh trứng và đường cho đến khi bông và nhạt màu. Thêm dầu và vani, trộn đều. Rây bột mì, bột ngô và bột nở vào, fold nhẹ nhàng cho đến khi hòa quyện.
3. Đổ bột vào khuôn đã chuẩn bị, dàn đều. Nướng trong 10-12 phút hoặc cho đến khi tăm xiên ra sạch.
4. Khi bánh còn nóng, lật bánh lên một chiếc khăn đã rắc đường bột. Gỡ giấy nến và cuộn bánh trong khăn. Để nguội hoàn toàn.
5. **Làm nhân việt quất:** Trộn nước lạnh, nước cốt chanh và bột ngô trong một nồi nhỏ. Thêm việt quất, đường, vỏ chanh và vani, muối. Đun trên lửa vừa, khuấy đều cho đến khi hỗn hợp sôi, đặc lại và trong. Để nguội hoàn toàn.
6. **Làm kem mascarpone:** Trong một bát, đánh mascarpone, kem tươi, đường bột và vani cho đến khi bông và mịn.
7. **Lắp ráp:** Mở cuộn bánh. Phết nhân việt quất lên bánh. Phết kem mascarpone lên trên. Cuộn bánh lại chặt chẽ. Bọc bằng màng bọc thực phẩm và làm lạnh ít nhất 1 giờ."
matcha_roll_cake_018,Matcha Roll Cake (Swiss Roll),A soft and fluffy matcha cake sheet that never rips when rolled and it's filled with matcha whipped cream for double the matcha green tea flavour.,Hiện đại,Trà xanh,Trung bình,75.0,15.0,270.0,8,https://teakandthyme.com/wp-content/uploads/2024/07/matcha-roll-cake-featured.jpg,,Teak & Thyme,2024-07-25,2024-10-27,Không đánh quá tay lòng trắng trứng. Fold nhẹ nhàng để giữ độ xốp. Không nướng bánh quá lâu để tránh nứt. Cuộn bánh khi còn ấm để bánh giữ hình dạng. Làm lạnh bánh đã cuộn ít nhất 3 giờ hoặc qua đêm để kem đông lại.,Làm lạnh ít nhất 3 giờ hoặc qua đêm.,,Cao,Lòng trắng trứng lớn: 6quả (None); Cream of tartar: 0.5tsp (None); Đường hạt: 100gram (None); Lòng đỏ trứng lớn: 6quả (None); Đường hạt: 50gram (None); Sữa tươi: 60gram (None); Dầu thực vật: 50gram (None); Chiết xuất vani: 0.5tsp (None); Bột làm bánh: 70gram (None); Bột trà xanh (matcha): 1tbsp (None); Bột nở: 0.5tsp (None); Kem tươi béo: 250ml (None); Đường bột: 2tbsp (None); Chiết xuất vani: 0.5tsp (None),"1. **Làm cốt bánh matcha:** Làm nóng lò ở 350°F (175°C). Lót giấy nến vào khay nướng 12x17 inch. Để riêng.
2. Trong một bát nhỏ, trộn bột mì, bột trà xanh (rây nếu bị vón cục) và bột nở. Để riêng.
3. Tách lòng trắng và lòng đỏ trứng vào hai bát trộn lớn riêng biệt, cẩn thận không để lòng đỏ dính vào lòng trắng. Để bát lòng đỏ trứng sang một bên.
4. Vào lòng trắng trứng, thêm cream of tartar. Dùng máy đánh trứng điện cầm tay để đánh lòng trắng trứng ở tốc độ thấp đến trung bình cho đến khi nổi bọt như bọt cappuccino. Thêm 100g đường, từng thìa một, trộn đều sau mỗi lần thêm. Sau khi tất cả đường đã được thêm vào, tiếp tục đánh ở tốc độ trung bình cao cho đến khi meringue đạt đỉnh cứng. Để riêng.
5. Vào lòng đỏ trứng, thêm 50g đường còn lại. Dùng cùng máy đánh trứng cầm tay để trộn cho đến khi hòa quyện. Thêm sữa, dầu ăn và chiết xuất vani và trộn cho đến khi hòa quyện. Dùng rây mịn để rây hỗn hợp bột vào hỗn hợp lòng đỏ trứng. Trộn ở tốc độ thấp cho đến khi bột vừa hòa quyện.
6. Thêm khoảng 1/3 meringue lòng trắng trứng vào hỗn hợp lòng đỏ trứng và fold nhẹ nhàng bằng spatula, đảm bảo vét sạch đáy bát. Thêm phần meringue còn lại và fold cho đến khi không còn vệt. Đảm bảo vét sạch đáy và thành bát nơi bột đặc hơn có thể dính. Không trộn quá tay.
7. Đổ bột vào khay nướng đã lót giấy nến. Dùng spatula dàn đều bột vào các góc và cạnh của khuôn và làm mịn thành một lớp đều.
8. Nướng trong 12-15 phút hoặc cho đến khi các cạnh hơi vàng và mặt bánh phồng lên.
9. Để bánh nguội trên giá khoảng 5 phút trước khi dùng spatula gỡ nhẹ nhàng xung quanh các cạnh của khuôn để tách bánh. Đặt một giá lên trên khuôn, nắm cả hai bên khuôn và giá (có dùng găng tay lò nướng), và lật bánh lên giá. Bóc giấy nến ra khỏi bánh. Đặt một tờ giấy nến mới lên trên và lật bánh lên giấy nến.
10. **Cuộn bánh trước:** Cắt bỏ các cạnh bánh bị cháy ở hai cạnh ngắn hơn của cốt bánh. Khi bánh còn ấm, cuộn bánh _cùng với_ giấy nến bắt đầu từ một cạnh ngắn. Để bánh nguội hoàn toàn trong hình dạng cuộn này.
11. **Làm kem tươi matcha:** Trong một bát trộn lớn, rây bột trà xanh và thêm một lượng nhỏ kem tươi béo. Dùng spatula trộn đều, miết bột trà xanh vào đáy và thành bát để loại bỏ các cục vón.
12. Thêm phần kem tươi béo còn lại, đường bột và chiết xuất vani. Dùng máy đánh trứng điện cầm tay đánh cho đến khi đạt đỉnh cứng.
13. **Phết kem lên bánh:** Mở cuộn bánh đã nguội. Thêm kem tươi lên trên bánh. Dùng spatula phết kem thành một lớp dày, đều. Chừa lại 2 inch cuối cùng ở cuối cốt bánh. Giữ lại phần kem tươi còn lại để trang trí sau.
14. **Cuộn bánh:** Cuộn bánh lại theo cách tương tự như trước. Khi đến cuối cuộn, đặt một tờ màng bọc thực phẩm bên cạnh bánh để bạn có thể cuộn bánh trực tiếp lên màng bọc thực phẩm. Dùng spatula gạt bỏ bất kỳ kem thừa nào bị tràn ra khỏi đường nối và đẩy bất kỳ kem nào tràn ra từ hai đầu cuộn. Bọc bánh cuộn bằng màng bọc thực phẩm và làm lạnh trong tủ lạnh ít nhất 3 giờ hoặc qua đêm để kem đông lại."
mocha_roll_cake_019,Mocha Roll Cake,Soft and fluffy mocha roll cake filled with coffee whipped cream.,Hiện đại,"Cà phê, Sô cô la",Trung bình,75.0,14.0,270.0,8,https://teakandthyme.com/wp-content/uploads/2024/10/mocha-roll-cake-featured.jpg,,Teak & Thyme,2024-10-07,2024-10-27,Không đánh quá tay lòng trắng trứng. Fold nhẹ nhàng để giữ độ xốp. Không nướng bánh quá lâu để tránh nứt. Cuộn bánh khi còn ấm để bánh giữ hình dạng. Làm lạnh bánh đã cuộn ít nhất 3 giờ hoặc qua đêm để kem đông lại.,Làm lạnh ít nhất 3 giờ hoặc qua đêm.,,Cao,Bột làm bánh: NoneNone (None); Bột cacao: NoneNone (None); Bột espresso: NoneNone (None); Lòng trắng trứng lớn: NoneNone (None); Cream of tartar: NoneNone (None); Đường hạt: 100gram (None); Lòng đỏ trứng lớn: NoneNone (None); Đường hạt: 50gram (None); Sữa: NoneNone (None); Dầu ăn: NoneNone (None); Chiết xuất vani: NoneNone (None); Kem tươi béo: NoneNone (None); Đường bột: NoneNone (None); Bột espresso: NoneNone (None); Chiết xuất vani: NoneNone (None),"1. **Làm cốt bánh chiffon mocha:** Làm nóng lò ở 350°F (175°C). Lót giấy nến vào khay nướng 12x17 inch. Để riêng.
2. Trong một bát nhỏ, trộn bột làm bánh, bột cacao và bột espresso. Để riêng.
3. Tách lòng trắng và lòng đỏ trứng vào hai bát trộn lớn riêng biệt, cẩn thận không để lòng đỏ dính vào lòng trắng. Để bát lòng đỏ trứng sang một bên.
4. Vào lòng trắng trứng, thêm cream of tartar. Dùng máy đánh trứng điện để đánh lòng trắng trứng ở tốc độ thấp đến trung bình cho đến khi nổi bọt. Thêm 100g đường, từng thìa một, trộn đều sau mỗi lần thêm. Sau khi tất cả đường đã được thêm vào, tiếp tục đánh ở tốc độ trung bình cao cho đến khi meringue đạt đỉnh cứng. Để riêng.
5. Vào lòng đỏ trứng, thêm 50g đường còn lại. Dùng cùng máy đánh trứng để trộn cho đến khi hòa quyện. Thêm sữa, dầu ăn và chiết xuất vani và trộn cho đến khi hòa quyện. Dùng rây mịn để rây hỗn hợp bột vào hỗn hợp lòng đỏ trứng. Trộn ở tốc độ thấp cho đến khi bột vừa hòa quyện.
6. Thêm khoảng 1/3 meringue lòng trắng trứng vào hỗn hợp lòng đỏ trứng và fold nhẹ nhàng bằng spatula, đảm bảo vét sạch đáy bát. Thêm phần meringue còn lại và fold cho đến khi không còn vệt. Không trộn quá tay.
7. Đổ bột vào khay nướng đã lót giấy nến. Dùng spatula dàn đều bột vào các góc và cạnh của khuôn và làm mịn thành một lớp đều.
8. Nướng trong 13-14 phút hoặc cho đến khi các cạnh hơi vàng và mặt bánh phồng lên.
9. Để bánh nguội trên giá khoảng 5 phút trước khi dùng spatula gỡ nhẹ nhàng xung quanh các cạnh của khuôn để tách bánh. Lật bánh lên giá. Bóc giấy nến ra khỏi bánh. Đặt một tờ giấy nến mới lên trên và lật bánh lên giấy nến.
10. Khi bánh còn ấm, cuộn bánh _cùng với_ giấy nến bắt đầu từ một cạnh ngắn. Để bánh nguội hoàn toàn trong hình dạng cuộn này.
11. **Làm kem tươi espresso:** Trong một bát trộn, thêm kem tươi béo, đường bột, bột espresso và chiết xuất vani. Dùng máy đánh trứng đánh cho đến khi đạt đỉnh cứng.
12. **Phết kem lên bánh:** Mở cuộn bánh đã nguội. Thêm kem tươi lên trên bánh. Dùng spatula phết kem thành một lớp dày, đều. Chừa lại 2 inch cuối cùng ở cuối cốt bánh. Giữ lại phần kem tươi còn lại để trang trí sau.
13. **Cuộn bánh:** Cuộn bánh lại theo cách tương tự như trước. Khi đến cuối cuộn, đặt một tờ màng bọc thực phẩm bên cạnh bánh để bạn có thể cuộn bánh trực tiếp lên màng bọc thực phẩm. Dùng spatula gạt bỏ bất kỳ kem thừa nào bị tràn ra khỏi đường nối và đẩy bất kỳ kem nào tràn ra từ hai đầu cuộn. Bọc bánh cuộn bằng màng bọc thực phẩm và làm lạnh trong tủ lạnh ít nhất 3 giờ hoặc qua đêm để kem đông lại."
caramel_crunch_swiss_roll_020,Caramel Crunch Swiss Roll,"Caramel crunch Swiss roll made with a caramel-infused whipped cream, light and airy Chinese sponge cake, and a buttery toffee crunch on top.",Hiện đại,"Caramel, Bơ",Trung bình,,,,,https://joanne-eatswellwithothers.com/wp-content/uploads/2022/01/Caramel-Crunch-Swiss-Roll-1-of-1-500x500.jpg,,Joanne Eats Well With Others,2022-01-27,,Sử dụng caramel muối tự làm hoặc mua sẵn. Đảm bảo toffee được đập vụn nhỏ để dễ trang trí và ăn. Cuộn bánh khi còn nóng để tránh nứt.,,,Trung bình,Bột mì đa dụng: NoneNone (None); Muối: NoneNone (None); Bột nở: NoneNone (None); Trứng lớn: 4quả (tách lòng trắng và lòng đỏ); Đường: 0.75cup (chia làm 2 phần); Vani: 1tsp (None); Kem tươi béo: NoneNone (None); Caramel muối: NoneNone (None); Đường: NoneNone (Để làm toffee); Bơ: NoneNone (Để làm toffee),"1. **Làm cốt bánh bông lan Trung Quốc:** Làm nóng lò. Lót giấy nến vào khay nướng. Rây bột mì, muối và bột nở vào một bát. Để riêng.
2. Đánh lòng trắng trứng đến khi bông cứng. Từ từ thêm 1/2 lượng đường vào, tiếp tục đánh cho đến khi bông và bóng.
3. Trong một bát khác, đánh lòng đỏ trứng với phần đường còn lại và vani cho đến khi nhạt màu và bông. Fold hỗn hợp bột vào hỗn hợp lòng đỏ trứng. Sau đó fold nhẹ nhàng meringue vào hỗn hợp này.
4. Đổ bột vào khay đã chuẩn bị, dàn đều. Nướng cho đến khi chín vàng.
5. Khi bánh còn nóng, lật bánh lên một chiếc khăn đã rắc đường bột. Gỡ giấy nến và cuộn bánh trong khăn. Để nguội hoàn toàn.
6. **Làm kem tươi caramel:** Đánh kem tươi đến khi bông cứng. Fold caramel muối vào.
7. **Làm toffee:** Đun đường và bơ trên bếp cho đến khi đạt 285°F (140°C). Đổ ra khay có lót giấy nến, để nguội và đập vụn.
8. **Lắp ráp:** Mở cuộn bánh. Phết kem tươi caramel lên bánh. Cuộn bánh lại. Trang trí với toffee vụn."
passion_fruit_cake_roll_021,Passion Fruit Cake Roll,A showstopping Passion Fruit Cake Roll filled with silky smooth vanilla pastry cream and tangy passion fruit curd.,Hiện đại,"Chanh dây, Vani",Trung bình,,13.0,,,https://www.homecookingadventure.com/wp-content/uploads/2023/04/Passion-Fruit-Cake-Roll-2.jpg,,Home Cooking Adventure,2023-04-03,,Đảm bảo curd chanh dây và kem vani nguội hoàn toàn trước khi lắp ráp. Cuộn bánh khi còn nóng để tránh nứt. Làm lạnh bánh đã cuộn ít nhất 3 giờ hoặc qua đêm để kem đông lại.,Làm lạnh ít nhất 3 giờ hoặc qua đêm.,,Cao,Chanh dây: NoneNone (Để làm curd chanh dây); Đường: NoneNone (Để làm curd chanh dây); Trứng: NoneNone (Để làm curd chanh dây); Bơ: NoneNone (Để làm curd chanh dây); Hạt vani: NoneNone (Để làm kem vani); Sữa: NoneNone (Để làm kem vani); Trứng: NoneNone (Để làm kem vani); Đường: NoneNone (Để làm kem vani); Bột mì: NoneNone (Để làm kem vani); Gelatin: NoneNone (Để làm kem vani); Kem tươi béo: NoneNone (Để làm kem vani); Trứng: NoneNone (Để làm cốt bánh); Đường: NoneNone (Để làm cốt bánh); Màu thực phẩm vàng: NoneNone (Để làm cốt bánh); Bột mì: NoneNone (Để làm cốt bánh); Bột nở: NoneNone (Để làm cốt bánh); Hạt dẻ cười xay: NoneNone (Để trang trí),"1. **Làm curd chanh dây:** Trong một bát, đánh chanh dây, đường và trứng. Đun cách thủy cho đến khi đặc lại (15-20 phút). Lọc qua rây vào bơ đã cắt miếng. Trộn đều bằng máy xay cầm tay cho đến khi mịn. Bọc lại và để nguội.
2. **Làm kem vani:** Cạo hạt vani vào nồi sữa, đun nhỏ lửa. Trong một bát khác, trộn trứng, đường và bột mì cho đến khi nhạt màu và mịn. Lọc sữa vào hỗn hợp trứng, đánh đều. Đun lại trên lửa vừa, khuấy liên tục cho đến khi đặc lại và sôi. Bọc lại và để nguội.
3. Sau khi kem nguội, ngâm gelatin trong nước lạnh. Hòa tan gelatin đã ngâm trên lửa nhỏ và đổ vào kem. Trộn đều. Đánh kem tươi đến bông cứng và fold nhẹ nhàng vào hỗn hợp kem.
4. **Làm cốt bánh:** Trong một bát lớn, đánh trứng với đường và màu thực phẩm vàng cho đến khi bông và tăng gấp ba lần thể tích (khoảng 10 phút). Fold nhẹ nhàng bột mì và bột nở vào. Đổ bột vào khay nướng 16x12 inch (40x30 cm) và nướng ở 350F (180C) trong 11-13 phút. Lấy ra khỏi lò và để nguội vài giây. Cuộn bánh nhẹ nhàng trên giấy nến khi còn nóng. Để nguội hoàn toàn.
5. **Lắp ráp:** Cẩn thận mở cuộn bánh đã nguội. Phết đều curd chanh dây lên toàn bộ bánh. Phết kem vani, chừa lại 1/3 để trang trí. Rắc hạt dẻ cười xay lên kem. Cuộn bánh lại và làm lạnh ít nhất 3 giờ hoặc qua đêm.
6. Lấy bánh ra khỏi tủ lạnh và đặt lên đĩa. Dùng kem còn lại để trang trí. Trang trí theo ý muốn với rắc, kẹo sô cô la, meringue hoặc trái cây tươi."
